<?xml version='1.0' encoding='UTF-8'?>

<!-- =========== FULL CONFIGURATION FILE ================================== -->

<faces-config version="2.1"
    xmlns="http://java.sun.com/xml/ns/javaee"
    xmlns:xsi="http://www.w3.org/2001/XMLSchema-instance"
    xsi:schemaLocation="http://java.sun.com/xml/ns/javaee http://java.sun.com/xml/ns/javaee/web-facesconfig_2_1.xsd">

    <!--
    <factory>
      <exception-handler-factory>
        mom.trd.opentheso.exception.CustomExceptionHandlerFactory
      </exception-handler-factory>
    </factory>-->
    <navigation-rule>
        <from-view-id>/index.xhtml</from-view-id>
        <navigation-case>
            <from-outcome>accesCandidat</from-outcome>
            <to-view-id>/gestCandidat.xhtml</to-view-id>
            <redirect/>
        </navigation-case>
    </navigation-rule>

    <navigation-rule>
        <from-view-id>/gestCandidat.xhtml</from-view-id>
        <navigation-case>
            <from-outcome>accesTheso</from-outcome>
            <to-view-id>/index.xhtml</to-view-id>
            <redirect/>
        </navigation-case>
    </navigation-rule>
    <navigation-rule>
        <from-view-id>/admin/install.xhtml</from-view-id>
        <navigation-case>
            <from-outcome>install</from-outcome>
            <to-view-id>/admin/install.xhtml</to-view-id>
            <redirect/>
        </navigation-case>
    </navigation-rule>    
    

    <application>
       <resource-bundle>
           <base-name>connexions</base-name>
           <var>con</var>
       </resource-bundle>
       <message-bundle>connexions</message-bundle>
    </application>
     <application>
        <resource-bundle>
            <base-name>hikari</base-name>
            <var>conHikari</var>
        </resource-bundle>
        <message-bundle>hikari</message-bundle>
    </application>
     <application>
        <resource-bundle>
            <base-name>preferences</base-name>
            <var>pref</var>
        </resource-bundle>
        <message-bundle>preferences</message-bundle>
    </application>
    <application>
        <resource-bundle>
            <base-name>language/site</base-name>
            <var>langue_fr</var>
        </resource-bundle>
        <message-bundle>language/site</message-bundle>
    </application>
    <application>
        <resource-bundle>
            <base-name>language/site_en</base-name>
            <var>langue_en</var>
        </resource-bundle>
        <message-bundle>language/site_en</message-bundle>
    </application>
    <application>
        <resource-bundle>
            <base-name>language/site_de</base-name>
            <var>langue_de</var>
        </resource-bundle>
        <message-bundle>language/site_de</message-bundle>
    </application>
    <application>
        <resource-bundle>
            <base-name>language/site_es</base-name>
            <var>langue_es</var>
        </resource-bundle>
        <message-bundle>language/site_es</message-bundle>
    </application>
    <application>
        <resource-bundle>
            <base-name>language/site_it</base-name>
            <var>langue_it</var>
        </resource-bundle>
        <message-bundle>language/site_it</message-bundle>
    </application>
    <factory>
        <exception-handler-factory>mom.trd.opentheso.session.ViewExpiredExceptionHandlerFactory</exception-handler-factory>
    </factory>
    <Context docBase="/var/www/images" path="/pix" />
    <Context docBase2="install" pathInstall="install" />
    <filter>
        <filter-name>PrimeFaces FileUpload Filter</filter-name>
        <filter-class>org.primefaces.webapp.filter.FileUploadFilter</filter-class>
    </filter>
    <filter-mapping>
        <filter-name>PrimeFaces FileUpload Filter</filter-name>
        <servler-name>Faces Servlet</servler-name>
    </filter-mapping>
</faces-config>

